Label	Text
	Since a Supreme Court ruling in 2018 opened the door for more states to greenlight sports gambling, the N.F.L. and its teams have increasingly embraced betting as the league’s biggest area of revenue growth. 
	NLP is the best subfield of AI.
	By my count, there are 10 movies by actor-turned-directors at this year’s Toronto International Film Festival. 
	There’s something poignant about watching a guy who used to delight in his Irish gift of gab be muzzled. 
	Facebook should be regulated.
	The unusually hot job market of the past few years emboldened more than 40 million people to quit their jobs in 2021 and some 50 million in 2022.
	If Judge Amit P. Mehta of the U.S. District Court for the District of Columbia, who is presiding over the trial without a jury, decides this case correctly, he’ll be helping the entire tech world and the American economy more broadly.
	A recent United Nations report delivered the bad news that the world was way off track in meeting it pledges under the 2015 Paris Agreement to limit greenhouse gas emissions. 
	These little cupcakes are light, fluffy and packed with bright lemon flavor. 
	It is your moral responsibility as a citizen to be vaccinated to protect others from harm arising from COVID-19.
	It's raining outside.
	This is the saddest story I have ever heard.
	This was the hardest test John had taken in a long time.
	There had been some question as to whether Mr. Newsom, a Democrat who has pushed for some of the nation’s most ambitious policies to fight climate change, would sign the legislation.
	The COVID-19 vaccine causes infertility.
	That the rebellion went only so far, for now, has underscored the psychic hold that the rankings have on American higher education, even for the country’s most renowned schools. 
	The Federal Reserve and its counterparts abroad slashed interest rates in the face of the 2008 financial crisis and have kept them very low — in some cases below zero — ever since. 
	After a full slate of NFL games on Sunday, Monday nights are typically reserved for one final marquee matchup before teams and fans turn their attention to the next week on the schedule. 
	2 + 2 = 4.
	Now that the U.S. government is once again at risk of defaulting on its debts because of an impasse over raising the debt ceiling, we’re back to arguing over whether minting a trillion-dollar platinum coin could save the day.
	Berkeley time starts at 10 minutes after the official time.
	What we don’t want is more people who are not in K-12 classrooms telling us what we are doing wrong without fully understanding the circumstances we are in.
	Tech leaders are fed up with cities and their politics.	
	The fundamental challenge is that Democrats and Republicans cannot agree on what the problem is. 
	There should be little doubt that President Biden was not being truthful when, days after the Taliban’s victory, he told ABC News that his senior military advisers had not urged him to keep some 2,500 troops in Afghanistan. 
	For years, Ireland’s low corporate tax rate has lured multinational organizations to set up overseas subsidiaries here. 
	Washington was entranced Tuesday by the revelations from Frances Haugen, the Facebook product manager-turned-whistle-blower.
	That is the cutest cat I have ever seen.
	It's raining outside.
	My young relatives, who were 4 and 5 years old at the time, had just enrolled in a boarding preschool that the Chinese government had established in my hometown, Kanlho, a seminomadic region in the northeast corner of the Tibetan plateau. 
	It is a truth universally acknowledged, that a single man in possession of a good fortune, must be in want of a wife.
	We will put a person on Mars in the next 50 years.
	As a historian, a high school teacher and a Yale alumna, I was dismayed to read that Yale seems to have bowed to donor pressure on the curriculum of its Brady-Johnson Program in Grand Strategy.
	From the depths of 60-0 deficit six quarters into their season, and a 21-point third-quarter hole Sunday in Arizona, the Giants suddenly, improbably, have life.
	Stately, plump Buck Mulligan came from the stairhead, bearing a bowl of lather on which a mirror and a razor lay crossed.
	It takes about 8 minutes to run a mile.
	It has not been a good month for Facebook.
	The release of the Americans brings to an end a years-long nightmare for those who had been detained.
	When used for text generation, LLMs have a tendency to invent facts. 
	I'm think it's raining outside.
	John Krasinski is married to Emily Blunt.
	John Krasinski loves Emily Blunt.
	Yosef Chaim Bernfeld, a young businessman from New York who is trying to straighten out his life, journeyed to Uman this weekend for a “spiritual fix.”
	Because most demographers look ahead only to 2100, there is no consensus on exactly how quickly populations will fall after that. 
	A stronger core makes everyday life easier, too, resulting in fewer injuries, better posture and balance and less back pain.
	I couldn’t help but feel that the company’s actions were, on some level, retaliatory. 
	Former President Donald J. Trump said he hoped Mark Meadows — his final White House chief of staff and a co-defendant in a sweeping racketeering indictment in Georgia stemming from efforts to thwart the 2020 election — was still “loyal” to him.
	In the vast primeval forest that lies between Poland and Belarus, European bison graze under ancient trees alongside refugees, weak from cold and hunger. 
	The traffic on I-80 west is pretty bad right now.
	One summer afternoon Mrs. Oedipa Maas came home from a Tupperware party whose hostess had put perhaps too much kirsch in the fondue to find that she, Oedipa, had been named executor, or she supposed executrix, of the estate of one Pierce Inverarity, a California real estate mogul who had once lost two million dollars in his spare time but still had assets numerous and tangled enough to make the job of sorting it all out more than honorary.
